{
    "mse": 0.8528780458114961,
    "r2": 0.14786876847386865,
    "mae": 0.7300124472253956
}